"","LastName","value","L1"
"1","Soreide","E",30168768
"2","Amadio","CR",30156643
"3","Nanchahal","J",29983350
"4","Seyhan","H",29857907
"5","Fagernæs","C",29726315
"6","Räisänen","MP",29599391
"7","Stecco","C",29575188
"8","Sanjuan-Cervero","R",29570549
"9","Murphy","LE",29535479
"10","Broekstra","DC",29481401
"11","Schreck","MJ",29421069
"12","Dritsaki","M",29370792
"13","Geraldes","T",29364396
"14","Stepić","N",29350502
"15","Sanjuan-Cerveró","R",29305454
"16","Novoa-Parra","CD",29217349
"17","Banks","JS",29085992
"18","Chisholm","J",29068929
"19","Notarnicola","A",28958137
"20","McMillan","C",28951096
"21","Ng","M",28886342
"22","Parviz","M",28871791
"23","Samargandi","OA",28867249
"24","Costas","B",28854973
"25","Harrison","E",28841903
"26","Nordenskjöld","J",28841617
"27","Yokoi","T",28816972
"28","Haines","A",28692190
"29","Warwick","D",28669261
"30","Thoma","A",28654597
"31","Hwee","YK",28604542
"32","Strömberg","J",28587568
"33","Molenkamp","S",28538569
"34","Auld","T",28505213
"35","Kan","HJ",28505187
"36","Kadhum","M",28490266
"37","Stephen","C",28486091
"38","Skov","ST",28473158
"39","Spindler","N",28444647
"40","Lenze","WP",28423443
"41","Kan","HJ",28418981
"42","Könneker","S",28418979
"43","van Soest","EM",28401820
"44","Grandizio","LC",28389081
"45","Thomas","R",28383356
"46","Unglaub","F",28382393
"47","Langer","MF",28361190
"48","Bear","BJ",28341067
"49","Cochrane","E",28341038
"50","Lauritzson","A",28298365
"51","Lancerotto","L",28283386
"52","Lesiak","AC",28259564
"53","Vesper","US",28243691
"54","Yin","CY",28183220
"55","Sanjuan-Cerveró","R",28181175
"56","Hahn","P",28180912
"57","Hohendorff","B",28175957
"58","Oppermann","J",28175956
"59","Sanjuan-Cerveró","R",28160905
"60","Pillukat","T",28160036
"61","Keller","M",28138723
"62","Hacquebord","JH",28111059
"63","Nordenskjöld","J",28093015
"64","Beltrán","AG",28082850
"65","Lipman","MD",28082837
"66","Lurati","AR",28068478
"67","Denkler","KA",28027258
"68","Roll","SC",28027038
"69","Shubinets","V",28002244
"70","Papadakis","M",27892778
"71","Khurana","S",27885382
"72","Rodrigues","JN",27872343
"73","Herati","AS",27872008
"74","Zhou","C",27835939
"75","Hou","WH",27798003
"76","Honecker","S",27781989
"77","Duquette","S",27760243
"78","Eberlein","B",27428598
"79","Verstreken","F",27682305
"80","Broekstra","DC",27660370
"81","Spyropoulou","GA",27653143
"82","Sanjuan-Cervero","R",27649672
"83","Nand","N",27608694
"84","Degreef","I",29119908
"85","Zhou","C",27556605
"86","Neuwirth","M",27547932
"87","Zhao","JZ",27546441
"88","Ball","C",27526686
"89","Hou","WH",27485041
"90","Radu","L",27483700
"91","Strömberg","J",27473921
"92","Wehrli","M",27469936
"93","Becker","K",27467239
"94","Odinsson","A",27454632
"95","Bassetto","F",27448558
"96","Walaszek","I",27428838
"97","Gupta","A",27334911
"98","Zhou","C",27307334
"99","Kurbel","S",27301240
"100","Oskrochi","Y",27298385
"101","Wade","RG",27282210
"102","Slater","RR",27265765
"103","Gaston","RG",27265764
"104","Staats","KA",27245865
"105","Nikkhah","D",27221784
"106","Kan","HJ",27219235
"107","Marks","M",27203235
"108","Bednarek","M",27197428
"109","Barton","N",27179051
"110","Smeraglia","F",27151958
"111","Bradley","J",27132016
"112","Warwick","D",27050718
"113","Spies","CK",27038313
"114","Petakh","AV",27025037
"115","Engstrand","C",26878688
"116","Mayerl","C",26852784
"117","Stephenson","JM",26817199
"118","Dreise","MM",26803569
"119","Lanting","R",26787409
"120","Crivello","KM",26768221
"121","Pratt","AL",26762197
"122","Eberlin","KR",26741890
"123","Sanjuan-Cervero","R",26741888
"124","Lukas","B",26729483
"125","Hohendorff","B",26714475
"126","Kan","HJ",26710020
"127","Musumeci","M",26690790
"128","Arora","R",26683416
"129","Rodrigues","JN",26648251
"130","Hohendorff","B",26631405
"131","Scherman","P",26631343
"132","Guerini","H",26625731
"133","Waters","MJ",26566553
"134","Brazzelli","M",26524616
"135","Holzer","LA",26518325
"136","Peimer","CA",26518324
"137","van Beuge","MM",26470681
"138","Chen","LH",26469895
"139","Piersma","B",26458763
"140","Riester","SM",26446724
"141","Joyce","CW",26388001
"142","Tay","TK",26387998
"143","Wade","R",26353945
"144","Blazar","PE",26342010
"145","Xu","C",26332812
"146","Rodrigues","J",26307142
"147","Warwick","DJ",26307140
"148","Vandersleyen","V",26303964
"149","Spies","CK",26303259
"150","Zyluk","A",26280955
"151","McFarlane","J",26269508
"152","Gaston","RG",26216077
"153","Bianchi","E",26201022
"154","Akhavani","M",26199971
"155","Rodrigues","JN",26199970
"156","Williams","FM",26197488
"157","Hahn","P",26184721
"158","Dreyfuss","D",26168646
"159","Chan","SW",26152183
"160","Hovius","SE",26116943
"161","Peimer","CA",26096221
"162","Sanjuan-Cerveró","R",26094486
"163","Onuora","S",26077921
"164","Yang","L",26062194
"165","Kawakatsu","M",26051772
"166","Raymond","A",26051771
"167","Satish","L",26049932
"168","Viil","J",26018562
"169","Eberlin","KR",26017606
"170","Warwick","D",26002706
"171","Engstrand","C",25998546
"172","Rodrigues","J",25992403
"173","Sakellariou","VI",25970356
"174","Liu","H",25963801
"175","Karkampouna","S",25938583
"176","Cheung","K",25934208
"177","Yeh","CC",25881036
"178","Maravic","M",25857217
"179","Diep","GK",25854281
"180","Badalamente","MA",25843533
"181","Zhou","C",25829153
"182","Kornø","MR",25786701
"183","Cantero-Téllez","R",25771480
"184","Cheung","G",25770898
"185","Ji","X",25760233
"186","McInerney","NM",25724046
"187","Morhart","M",25719700
"188","Atroshi","I",25695745
"189","Broekstra","DC",25682557
"190","Wichelhaus","A",25671757
"191","Furniss","D",25618868
"192","Akhavani","MA",25618867
"193","Davis","TR",25618866
"194","Dickson","D",25617960
"195","Lim","YL",25589846
"196","Binter","A",25564949
"197","van de Ven-Stevens","LA",25524872
"198","Kelly","M",25465138
"199","Bebbington","E",25455287
"200","Felici","N",25412239
"201","Morasiewicz","P",25404634
"202","Alfonso-Rodríguez","CA",25379672
"203","Allouni","A",25376853
"204","McInerney","NM",25358591
"205","Forget","NJ",25358527
"206","Murphy","A",25347658
"207","Nunn","AC",25288296
"208","Denkler","K",25257494
"209","Iskra","NI",25252418
"210","Walle","L",25234367
"211","Zirbs","M",25201324
"212","Patel","M",25196833
"213","Mickelson","DT",25194768
"214","Maravic","M",25164352
"215","Hammoudeh","ZS",25158740
"216","Povlsen","B",25155703
"217","King","IC",25154580
"218","Namazi","H",25154579
"219","McMillan","C",25149899
"220","Adegun","OK",25123572
"221","Raykha","CN",25090267
"222","Voineskos","SH",25066847
"223","Gajendran","VK",24992063
"224","Frueh","FS",24972516
"225","Mîndrilă","I",24969989
"226","Engstrand","C",24969497
"227","Beaudreuil","J",24939553
"228","Iqbal","SA",24933153
"229","Usó","SM",24878790
"230","Povlsen","B",24875504
"231","Juvenspan","M",24874274
"232","Meals","RA",24862115
"233","Larsen","S",24835475
"234","Lanting","R",24804640
"235","Kumar","N",24795520
"236","Westacott","DJ",24780795
"237","Eaton","C",24776555
"238","Becker","K",24749973
"239","Degreef","I",24740662
"240","Povlsen","B",24729115
"241","Rizzo","M",24720301
"242","Considine","S",24705775
"243","Verheyden","JR",24698852
"244","Peimer","CA",24698851
"245","Eckerdal","D",24694095
"246","Terry","MJ",24691328
"247","King","IC",24679915
"248","Leclère","FM",24674697
"249","Rodrigues","JN",24664160
"250","Zoubos","AB",24641743
"251","Adib","O",24630152
"252","Rappoport","G",24624674
"253","Sarig","O",24605402
"254","Griffiths","RW",24585766
"255","Anderson","ER",24573701
"256","Thoma","A",24569424
"257","Bernabé","B",24565887
"258","Rodrigues","JN",24563499
"259","Hohendorff","B",24549806
"260","Van Dam","H",24529691
"261","Mehta","S",24486152
"262","Descatha","A",24477316
"263","Warwick","D",24470559
"264","Sibaud","V",24468667
"265","Browne","KM",24459250
"266","Palmer","KT",24449599
"267","Toppi","JT",24438029
"268","Atroshi","I",24435894
"269","Horta","R",24431190
"270","Mohan","A",24428161
"271","Masmejean","E",24422298
"272","Kiani","J",24402858
"273","McGrouther","DA",24397625
"274","Sweet","S",24388681
"275","Erne","HC",24374709
"276","Spiers","JD",24362254
"277","Holzer","LA",24359029
"278","Coleman","S",24315486
"279","Beldner","S",24309119
"280","Zwanenburg","RL",24305724
"281","Gebel","E",24303539
"282","Kang","YM",24293067
"283","Diaz","R",24286740
"284","Hentz","VR",24286739
"285","Gu","NY",24286567
"286","Ryan","K",24283227
"287","Huisstede","BM",24281643
"288","Lanting","R",24263394
"289","Alberton","F",24254968
"290","Kamienski","MC",24247305
"291","Motolese","A",24214953
"292","Cuylits","N",24195241
"293","Shewring","DJ",24194613
"294","Corradino","B",24188318
"295","Munson","CF",24164133
"296","Izadpanah","A",24163199
"297","Türker","T",24140364
"298","Peimer","CA",24140362
"299","Tajika","T",24129389
"300","Sanjuan Cerveró","R",24125161
"301","Ould-Slimane","M",24094664
"302","Wong","KH",24093653
"303","Hayton","MJ",24092562
"304","Krohmer","R",24089307
"305","Vollbach","FH",24089298
"306","Dębniak","T",24089297
"307","Martín-Ferrero","MÁ",24071041
"308","Nydick","JA",24060510
"309","Veith","NT",24043350
"310","Trickett","RW",24027133
"311","Pearl","RA",24025292
"312","Holzer","LA",23998192
"313","Holzer","LA",23992143
"314","Hartzell","TL",23985650
"315","Degreef","I",23926723
"316","Verhoekx","JS",23924646
"317","Coenen","M",23911076
"318","Dias","JJ",23910381
"319","Baltzer","H",23908426
"320","Lanting","R",23897337
"321","Foissac","R",23856551
"322","Bíró","V",23816892
"323","von Domarus","C",23812208
"324","Collis","J",23790420
"325","Ellis","H",23767268
"326","Stewart","CJ",23739146
"327","Iskra","NI",25095677
"328","Manning","CJ",23719171
"329","Swanson","JW",23707029
"330","Denkler","K",23707028
"331","Wilburn","J",23707018
"332","Iskra","NI",23705474
"333","Verhoekx","JSN",23652794
"334","Hay","DC",23649016
"335","Raykha","C",23623986
"336","Centauri","SM",23614893
"337","Ball","C",23575442
"338","Forrester","HB",23554969
"339","Amadio","PC",23515992
"340","Raven","RB",23511746
"341","De Salas-Cansado","M",23507313
"342","Medjoub","K",23503435
"343","Herrera","FA",23486126
"344","Skirven","TM",23474162
"345","De Salas-Cansado","M",23461499
"346","Verjee","LS",23431165
"347","Dias","J",23409695
"348","Dahlin","LB",23409694
"349","Trybus","M",23401985
"350","Swanson","JW",23391354
"351","Gudmundsson","KG",23386754
"352","Wagner","P",23354642
"353","van Dijk","D",23320611
"354","Zyluk","A",23303836
"355","Satish","L",23292503
"356","Das De","S",23283376
"357","Zyluk","A",24734329
"358","Bednarek","M",24697025
"359","Al-Homood","IA",23247555
"360","Zheng","HY",23238117
"361","Witthaut","J",23218556
"362","Uehara","K",23218555
"363","Peimer","CA",23200951
"364","Chignon-Sicard","B",23190833
"365","Knobloch","K",23173284
"366","Knobloch","K",23173283
"367","Knobloch","K",23173282
"368","Knobloch","K",23173281
"369","Gelman","SE",23160547
"370","Davis","TR",23151352
"371","Wei","DH",23141048
"372","Kan","HJ",23137947
"373","Ellis","CV",23096981
"374","Hentz","VR",23101605
"375","Broekstra","DC",23101542
"376","Karabeg","R",23097972
"377","Ragois","P",23084652
"378","Ferry","N",23043989
"379","Holzer","LA",23042779
"380","Raina","S",23041748
"381","Knobloch","K",23031080
"382","Gonser","P",23027336
"383","Dolmans","GH",23021175
"384","Bendon","CL",23015566
"385","Jónsson","T",22991974
"386","Verhoekx","JS",22987740
"387","Ratkaj","I",22965824
"388","Devitt","SM",22964196
"389","Glicenstein","J",22953333
"390","Werker","PM",22938804
"391","Kan","HJ",22917697
"392","Rozen","WM",22912868
"393","Beleta","H",22879605
"394","Azzopardi","E",22875519
"395","Kraus","R",22833071
"396","Sedic","M",22821590
"397","Capstick","R",22791609
"398","Rehman","S",22772395
"399","Shih","B",22772327
"400","van Rijssen","AL",22763055
"401","Denkler","K",22743929
"402","Knobloch","K",22743927
"403","Beaudreuil","J",22743925
"404","Dawson","WJ",22739824
"405","Bainbridge","C",22670890
"406","Redmond","CL",22658410
"407","Miranda","BH",22652288
"408","Agee","JM",22652177
"409","Anderson","ER",22634541
"410","McMillan","C",22633226
"411","Ly","L",22571568
"412","von Campe","A",22560560
"413","Satish","L",22559715
"414","Knobloch","K",22544146
"415","Cooper","DK",22541160
"416","Coleman","S",22540636
"417","Pereira","A",22523924
"418","Ratajczak-Wielgomas","K",22512703
"419","Giunta","RE",22499538
"420","Docheva","D",22495955
"421","Dolmans","GH",22489561
"422","Pess","GM",22464232
"423","Ryhänen","J",22448555
"424","Carlile","GS",22422775
"425","Robb-Nicholson","C",22396989
"426","Engstrand","C",22389944
"427","Syed","F",22384021
"428","Macaulay","D",22369346
"429","Edkins","TJ",22357647
"430","White","JW",22357334
"431","Beaudreuil","J",22357333
"432","Seah","MK",22351544
"433","Wilkinson","JM",22342364
"434","Kemler","MA",22311918
"435","Giunta","RE",22308592
"436","Popovic","D",22305736
"437","Picardo","NE",22297148
"438","Iskra","NI",22295554
"439","Wiwanitkit","V",22281175
"440","Worrell","M",22229922
"441","Descatha","A",22213840
"442","Bednarek","M",23750436
"443","Krause","C",22196988
"444","Hallock","GG",22186568
"445","Knobloch","K",22183982
"446","Shih","B",22183494
"447","Iskra","NI",22168030
"448","Nikolić","J",22165757
"449","Van Demark","RE",22164819
"450","Sadideen","H",22161933
"451","Black","EM",22134207
"452","Dute","J",22128525
"453","Christie","WS",22123331
"454","Brown","E",22123050
"455","Weinstein","AL",22094744
"456","Bayat","A",22083218
"457","Descatha","A",22083013
"458","Balaji","KN",22047569
"459","Merritt","AL",22036284
"460","Lo","S",22002938
"461","van Rijssen","AL",21987045
"462","Chen","NC",21981831
"463","Kaplan","FT",21971540
"464","Witthaut","J",21967070
"465","Larocerie-Salgado","J",21965179
"466","Michou","L",21962384
"467","Rehman","S",21943049
"468","Meinel","A",21935846
"469","Richter","M",21935845
"470","Spanholtz","TA",21935844
"471","Holzer","LA",21935843
"472","Pomblum","VJ",21922211
"473","Ravindran Rajendran","S",21917496
"474","Wynn","RL",21903562
"475","Ruocco","V",21893950
"476","Ray","S",21888166
"477","Al-Matubsi","HY",21831469
"478","Tate","R",21816893
"479","Bielecki","M",21812360
"480","Michou","L",21803632
"481","Beaudreuil","J",21786431
"482","Craft","RO",21738085
"483","Dolmans","GH",21732829
"484","Zhang","AY",21705158
"485","Friedrich","JB",21701338
"486","Hovius","SE",21701337
"487","Knobloch","K",21701313
"488","Iskra","NI",21695974
"489","Jerosch-Herold","C",21693044
"490","Degreef","I",21682613
"491","Schuh","A",21682024
"492","Stanbury","SJ",21658860
"493","Nugteren","HM",21633367
"494","Sibbitt","WL",21617556
"495","Satish","L",21612641
"496","Iqbal","SA",21612554
"497","Rahr","L",21593073
"498","Carvalhana","G",21592840
"499","Descatha","A",21575231
"500","Beaudreuil","J",21549632
"501","Tripoli","M",21528776
"502","Desai","SS",21527148
"503","Eaton","C",21527145
"504","Buntine","JA",21518200
"505","Klingenberg","L",21501565
"506","Klingenberg","L",21501564
"507","Myeroff","CM",21489722
"508","Gerber","RA",21486483
"509","Degreef","I",21473442
"510","Hayward","WA",21469942
"511","Edmunds","I",21467085
"512","Furniss","D",21463745
"513","Uemura","T",21446810
"514","Crean","SM",21382860
"515","Bertleff","MJ",21372055
"516","Sampson","S",21357497
"517","Beaudreuil","J",21353618
"518","Apard","T",21334954
"519","Troeger","H",21321814
"520","Jerosch-Herold","C",21300178
"521","Knobloch","K",21277691
"522","Hutchison","RL",21276895
"523","Packham","T",21272762
"524","Oliveira","EA",21245824
"525","Haslik","W",21225571
"526","Trybus","M",22593988
"527","Böttcher","R",21161859
"528","Gilpin","D",21134613
"529","Brandt","KE",21124163
"530","Watt","AJ",21124099
"531","Budd","HR",21106346
"532","Hindocha","S",21104823
"533","Hussar","DA",21071329
"534","Shih","B",21060335
"535","Koudela","K",21059334
"536","Kostaki","M",21051867
"537","Ojwang","JO",20971583
"538","Jain","S",20961699
"539","Jerosch-Herold","C",20952160
"540","Melamed","E",20941930
"541","Komatsu","I",20888494
"542","Meinel","A",20878596
"543","Manet","MP",20828892
"544","Tripoli","M",20818219
"545","Créteur","V",20808269
"546","Rayan","GM",20800974
"547","Slattery","D",20795961
"548","Degreef","I",20698450
"549","Beredjiklian","PK",20686936
"550","Mosakhani","N",20676061
"551","Desai","SS",20666587
"552","Patel","VP",20632986
"553","Phillips","PJ",20628678
"554","Becker","GW",20621942
"555","Mahaffey","PJ",20591937
"556","Usmar","S",20575973
"557","Shih","BB",20561756
"558","Takase","K",20478727
"559","Saraf","S",20445309
"560","Naderi","N",20444795
"561","Lilly","SI",20438993
"562","Srinivasan","RC",20434276
"563","Verjee","LS",20432463
"564","Watt","AJ",20353858
"565","Traynor","K",20208044
"566","Lam","WL",20181770
"567","Huisstede","BM",20159137
"568","Walton","MJ",20135734
"569","Betz","N",20127225
"570","Baker","RP",20118124
"571","Morrow","T",20088151
"572","Heyd","R",20082184
"573","Lee","MV",20078523
"574","Holzer","LA",20050321
"575","Bayat","A",20046200
"576","Couto-Gonzalez","I",22778295
"577","Sedic","M",20036806
"578","Zhang","P",20032329
"579","Donaldson","OW",20007420
"580","Vrebos","J",19994819
"581","Guha","AR",19959456
"582","Rhoden","EL",19912489
"583","Verjee","LS",19910144
"584","Vi","L",19896280
"585","Ganeval","A",19879030
"586","van Rijssen","AL",19857298
"587","Akhavani","MA",19853545
"588","Hettiaratchy","S",19828565
"589","Ramchurn","N",19818294
"590","Degreef","I",19803262
"591","Townley","WA",19786408
"592","Villani","F",19781973
"593","Hurst","LC",19726771
"594","Knobloch","K",19726137
"595","James","DG",19723966
"596","Fujinaka","Y",19721201
"597","Howard","K",19687084
"598","Balaguer","T",19675030
"599","Chen","W",22009846
"600","Vi","L",19619531
"601","Stollery","N",19606614
"602","Mavrogenis","AF",19602340
"603","Saleh","WR",19598327
"604","Guney","F",19590382
"605","Sommer","AP",19569957
"606","Sarkar","P",19552087
"607","Vi","L",19545383
"608","Henry","FP",19541556
"609","Harreld","KL",19521739
"610","Bobiński","R",19514484
"611","Bisson","MA",19505772
"612","McMurtrie","A",19457907
"613","Flageul","G",19446386
"614","Titarenko","IV",19432157
"615","Pelissier","P",19369299
"616","Bhavsar","S",19331810
"617","Patel","N",19303381
"618","Sheridan","C",19270661
"619","Ullah","AS",19258615
"620","Smith","RP",19220942
"621","Pratt","AL",19220604
"622","Papanas","N",19217319
"623","Branford","OA",19201273
"624","Amadio","PC",19182010
"625","Degreef","I",19153881
"626","Degreef","I",19153880
"627","Jurisić","D",19149230
"628","Anwar","MU",19129356
"629","Shih","B",19121738
"630","Brown","BT",19111199
"631","Webb","JA",19102823
"632","Kraljevic Pavelic","S",19089850
"633","Kraljevic Pavelic","S",19010640
"634","Mendonca","DA",19008162
"635","Engstrand","C",18986794
"636","Townley","WA",18984345
"637","Degreef","I",18958538
"638","Tripoli","M",18936123
"639","Lellouche","H",18922672
"640","Bobiński","R",18847012
"641","Degreef","I",18811027
"642","Rayan","GM",18762122
"643","Johnston","P",18762113
"644","Ulrich","D",18758795
"645","Brown","JJ",18721277
"646","Zhang","AY",18694919
"647","Cuesta Cuesta","JJ",18689210
"648","Genders","RE",18687846
"649","Stahl","S",18669144
"650","Seyhan","T",18667372
"651","Larson","D",18644117
"652","Landwehrs","GM",18633887
"653","De","D",18627702
"654","Loos","B",18626344
"655","Fitzgibbons","PG",18590861
"656","Oberlin","C",18562390
"657","Figus","A",18562356
"658","Govaert","WH",18549180
"659","Schechtman","AD",18533370
"660","Högemann","A",18516613
"661","Yenidunya","MO",18513876
"662","Kaur","S",18474290
"663","Cheng","HS",18453667
"664","Jerosch-Herold","C",18447898
"665","Stollery","N",18447200
"666","Monacelli","G",18419978
"667","Swartz","WM",18379378
"668","Unglaub","F",18351368
"669","Fernández-García","R",18351247
"670","Yin Loh","K",18345365
"671","Rehman","S",18343292
"672","Marsh","AR",18332035
"673","Lefebvre","M",18318295
"674","Hnanicek","J",18194242
"675","Kateva","M",19263644
"676","Richard-Kadio","M",18162430
"677","Zyluk","A",18092701
"678","Bayat","A",18087853
"679","Puepet","FH",18080603
"680","Koźma","EM",18066404
"681","Lucas","G",18033693
"682","Kilian","O",18024269
"683","Forsman","M",17996904
"684","Anwar","MU",17996779
"685","Elhadd","TA",17956459
"686","Abe","Y",17950225
"687","Sorene","ED",17950218
"688","Burke","FD",17950195
"689","Papapetropoulos","S",17934282
"690","Herweijer","H",17852228
"691","Salamon","A",17766219
"692","Di Martino","A",17766050
"693","Shaw","RB",17700106
"694","Trojian","TH",17668844
"695","Farley","HH",17621918
"696","Loos","B",17610744
"697","Badalamente","MA",17606053
"698","Corrado","A",17603691
"699","Kobus","K",17538519
"700","Rayan","GM",17472297
"701","Kaniewska","A",17455523
"702","Calif","E",17377153
"703","Rayan","G",17336843
"704","Habash","A",17336842
"705","Johnston","P",17336841
"706","Lubahn","JD",17336840
"707","Zyluk","A",17335947
"708","Abe","Y",17287058
"709","Eastwood","GL",17275974
"710","Misra","A",17275601
"711","Roy","N",17260604
"712","Van Giffen","N",17260603
"713","Rayan","GM",17256226
"714","Augoff","K",17145384
"715","Hindocha","S",17145383
"716","Savaş","S",17141353
"717","Bowley","E",17109886
"718","Pelissier","P",17097781
"719","Snell","BJ",17097779
"720","Al-Qattan","MM",17095386
"721","Hoşten","T",17089232
"722","Ali","SN",17065122
"723","Strassmair","M",17059195
"724","Lukas","B",17059192
"725","O'Gorman","D",17058431
"726","Symes","T",17045371
"727","Trèves","R",17013443
"728","Namazi","H",17010530
"729","Gilgenkrantz","S",16962055
"730","Foote","JA",16959386
"731","O'Gorman","DB",16942611
"732","Rao","K",16930792
"733","Wong","M",16875762
"734","Jagielski","W",16875185
"735","Schwartz","DA",16861134
"736","Dias","JJ",16837113
"737","Coert","JH",16799301
"738","Wang","L",16776980
"739","van Rijssen","AL",16766101
"740","Mandal","A",16762464
"741","Titarenko","IV",16752657
"742","van Rijssen","AL",16713831
"743","Akyol","A",16652017
"744","Carantino","A",16610177
"745","Seyhan","H",16582795
"746","Kopp","J",16563228
"747","Townley","WA",16484265
"748","Schubert","TE",16474037
"749","Lee","LC",16473681
"750","Hindocha","S",16473680
"751","Bayat","A",16460628
"752","Kakinoki","R",16437359
"753","Reuben","SS",16428550
"754","Namazi","H",16368197
"755","Hobby","JL",16368173
"756","Namazi","H",16343796
"757","Au-Yong","IT",16340578
"758","Del Frari","B",16287015
"759","Alexandre",NA,16253709
"760","Geffroy","JC",16249686
"761","Rethnam","U",16223551
"762","Hu","FZ",16207209
"763","Kulkarni","M",16202489
"764","Bulstrode","NW",16182062
"765","Rayan","GM",16182061
"766","Reilly","RM",16182060
"767","Cordova","A",16168532
"768","Citron","ND",16140442
"769","Allamprese","P",16124527
"770","Logan","AJ",16118302
"771","Carantino","A",16106935
"772","Augoff","K",16055243
"773","Hart","MG",15998816
"774","Maravic","M",15993524
"775","Bulstrode","NW",15988270
"776","Riedl","CR",15982798
"777","Bain","S",15938345
"778","Childs","SG",15902016
"779","Forsman","M",15865122
"780","Koźma","EM",15858170
"781","Elliot","D",15757767
"782","Denkler","K",15731682
"783","Bebbington","A",15686249
"784","Sampaio","FJ",15679983
"785","Wilbrand","S",15649673
"786","Bayat","A",15622243
"787","Augoff","K",15622242
"788","Durić","M",15571101
"789","Boyce","DE",15542232
"790","Tse","R",15541177
"791","Plewig","G",15540531
"792","Kamien","M",15487356
"793","Godtfredsen","NS",15485739
"794","Schiavon","F",15470518
"795","Shin","SS",15465229
"796","Draviaraj","KP",15465228
"797","Burge","PD",15446545
"798","Abe","Y",15336743
"799","Geoghegan","JM",15336742
"800","Ehrmantant","WR",15318052
"801","Qian","A",15302515
"802","van der Slot","AJ",15296939
"803","Abe","Y",15234500
"804","Bobiński","R",15181751
"805","Beyermann","K",15142694
"806","Abe","Y",15142693
"807","Smit","A",15142687
"808","Meathrel","KE",15140497
"809","Zerajic","D",15050031
"810","Howard","JC",15047128
"811","Clare","T",15037184
"812","Füessl","HS",15035432
"813","Das Gupta","K",15021946
"814","Sproule","JA",15002095
"815","O'Day","J",14996176
"816","Bisson","MA",14758224
"817","Skoff","HD",14758215
"818","Jones","NF",14751120
"819","Yildiz","S",14748021
"820","Bulstrode","NW",14734063
"821","Ritchie","JF",14734062
"822","Khan","AA",14734061
"823","Seegenschmiedt","MH",14652674
"824","Pagnotta","A",14642522
"825","Wilbrand","S",14649687
"826","Graells Estrada","J",14616840
"827","Pambor","C",14605750
"828","Citron","N",14599823
"829","Wright","PK",14595196
"830","Campbell","D",14584358
"831","Ulrich","D",14504511
"832","Foucher","G",12954251
"833","Stöllberger","C",12918859
"834","Tanaka","K",12890425
"835","Bayat","A",12873459
"836","Gudmundsson","KG",12867120
"837","Howard","JC",12866952
"838","Thurston","A",12864830
"839","Cakir","M",12864792
"840","Bisson","MA",12849947
"841","Varallo","VM",12802275
"842","Bayat","A",12794452
"843","Thurston","AJ",12793547
"844","Pan","D",12783014
"845","Jemec","B",12772394
"846","Muramatsu","K",12772115
"847","Lopatecki","M",12743689
"848","Hindman","HB",12729127
"849","van Dycke","KJ",12723264
"850","Alexandroff","AB",12711470
"851","Mandalia","VI",12703034
"852","Bains","W",12699705
"853","Kuhn","MA",12678125
"854","Hunt","TR",12636340
"855","Hasselbacher","K",12601600
"856","Ropp","AM",12583354
"857","Barr","V",12531666
"858","Milner","RH",12531665
"859","Hoch","J",12494380
"860","Luyasu","V",12462799
"861","Nancarrow","JD",12457365
"862","Evans","RB",12449347
"863","Thurston","AJ",12365046
"864","Badalamente","MA",12239666
"865","Williamson","R",12218581
"866","Sinha","R",12162983
"867","Koźma","EM",12087679
"868","Moyer","KE",12087251
"869","Meek","RM",12074617
"870","Beyermann","K",12073190
"871","Beyermann","K",12073189
"872","Wulke","AP",12073188
"873","McFarlane","RM",12015711
"874","Thurston","AJ",11982519
"875","Cagliero","E",11959060
"876","Bayat","A",11924651
"877","Kuhn","MA",11922728
"878","Rhomberg","M",11912542
"879","Dalton","PA",11901473
"880","Bilderback","KK",11901396
"881","Bhatia","R",11895347
"882","Wilbrand","S",11895346
"883","Bayat","A",11895345
"884","Pagnotta","A",11853085
"885","Finsen","V",11810624
"886","Gudmundsson","KG",11781116
"887","Florence","E",11779768
"888","Aladin","A",11770364
"889","Frank","PL",11762098
"890","Adamietz","B",11757183
"891","Ragoowansi","RH",11721270
"892","Jones","NF",11721263
"893","Gudmundsson","KG",11697563
"894","Dave","SA",11599921
"895","Elsner","T",11508365
"896","Goubier","JN",11496607
"897","Foucher","G",11496606
"898","Hueston","J",11496605
"899","Qureshi","FI",11469841
"900","Clibbon","JJ",11469840
"901","Al-Qattan","MM",11418926
"902","Foucher","G",11418917
"903","Srivastava","S",11396492
"904","Brenner","P",11357696
"905","Lange","U",11309227
"906","Smith","SP",11307078
"907","Husby","T",11291357
"908","Gudmundsson","KG",11252689
"909","Seegenschmiedt","MH",11233838
"910","Seegenschmiedt","MH",11172962
"911","Coral","P",10751924
"912","Ketchum","LD",11119679
"913","Chinyama","CN",11117052
"914","Benito","JR",11062568
"915","Shaposhnikov","VI",11026201
"916","Teefey","SA",10994688
"917","Rajesh","KR",10991808
"918","Melling","M",10975920
"919","Wilbrand","S",10961556
"920","Straub","G",10960961
"921","Akyürek","N",10949364
"922","Derbel","F",10939988
"923","Badalamente","MA",10913202
"924","Ebskov","LB",10900632
"925","Saar","JD",10883625
"926","Saboeiro","AP",10883614
"927","Bunyan","AR",10869831
"928","Smith","KE",10863217
"929","Arkkila","PE",10812494
"930","Seegenschmiedt","MH",10803052
"931","Diagne","M",10797972
"932","Jemec","B",10777424
"933","Piza-Katzer","H",10763127
"934","Gudmundsson","KG",10760640
"935","Roush","TF",10722821
"936","Kaelin","DL",10721764
"937","Armstrong","JR",10697321
"938","Rennie","WJ",10672821
"939","Kloen","P",10658134
"940","Tsekouras","AA",10658118
"941","Incrocci","L",11113753
"942","Chatelain","D",10612139
"943","Mikkelsen","OA",10597922
"944","Jemec","B",10597921
"945","Guğmundsson","KG",10568426
"946","Meinel","A",10566136
"947","Balci","N",10509873
"948","Wilbrand","S",10473157
"949","Fitzgerald","AM",10473143
"950","Maricević","A",19658371
"951","Meek","RM",10463754
"952","Anderson","P",10433443
"953","Connelly","TJ",10411420
"954","Melling","M",10409813
"955","Livingstone","JA",10372776
"956","Sanders","JL",10357539
"957","Richards","AM",10323724
"958","de Palma","L",10229282
"959","Chansky","HA",10194020
"960","Elliot","D",10050253
"961","Mullins","PA",10050252
"962","Boyer","MI",10050251
"963","Tubiana","R",10050250
"964","Crowley","B",10050249
"965","Lubahn","JD",10050248
"966","Jabaley","ME",10050247
"967","Hurst","LC",10050246
"968","Rayan","GM",10050245
"969","Rayan","GM",10050244
"970","Burge","P",10050243
"971","Ross","DC",10050242
"972","Yi","IS",10050241
"973","Badalamente","MA",10050240
"974","Tomasek","JJ",10050239
"975","Elliot","D",10050238
"976","Dal Cin","P",9973941
"977","Foucher","G",9972651
"978","Meinel","A",9931862
"979","Gudmundsson","KG",9888668
"980","Dal Cin","P",9885985
"981","Rider","MA",9821617
"982","Hutchinson","JW",9768907
"983","Gupta","R",9763277
"984","Krüger-Sayn","M",9746881
"985","Koscielniak-Nielsen","ZJ",9698967
"986","Benson","LS",9692938
"987","Gonzalez","MH",9665514
"988","Woodruff","MJ",9665513
"989","Tarlton","JF",9665512
"990","Afoke","A",9665511
"991","Berndt","A",9541473
"992","Bouaziz","H",9539595
"993","Magro","G",9489951
"994","Wilutzky","B",9476635
"995","Lermusiaux","JL",9476264
"996","Citron","N",9460968
"997","Wylock","P",9457317
"998","Machtey","I",9415669
"999","Pilz","SM",9424449
"1000","Peterson-Bethea","D",9399181
"1001","Frey","M",9393334
"1002","Quaglino","D",9369955
"1003","Casalone","R",9352799
"1004","Schrader","M",9312993
"1005","Thurston","AJ",9193271
"1006","Lyles","KW",9169352
"1007","Belusa","L",9303892
"1008","Stanković","P",9264989
"1009","Bunker","TD",9196344
"1010","Balakrishnan","C",9169949
"1011","Sirotakova","M",9149987
"1012","Hall","PN",9149986
"1013","Ebskov","LB",9149985
"1014","Meinel","A",9206674
"1015","Wilson","GR",9158254
"1016","Sinha","A",9119844
"1017","Burge","P",9119843
"1018","Magro","G",9120728
"1019","Magro","G",9065582
"1020","Irwin","LR",9061542
"1021","Gaździk","T",9490250
"1022","Lisfranc","R",9479434
"1023","McFarlane","R",9116811
"1024","Evans","RB",9116803
"1025","Keilholz","L",9082583
"1026","Holland","AJ",9058016
"1027","Arkkila","PE",9002027
"1028","Mahaffey","PJ",8997044
"1029","Tarpila","E",8982933
"1030","Moermans","JP",8982932
"1031","Zerilli","M",9214276
"1032","Brenner","P",9064258
"1033","Rayan","GM",8969433
"1034","Lee","YC",8961590
"1035","Keilholz","L",8960518
"1036","Prosser","R",8994009
"1037","Brandes","G",8917718
"1038","Alman","BA",8893764
"1039","Sladicka","MS",8891992
"1040","Muller","E",8866233
"1041","McFarlane","RM",8856562
"1042","Shaw","DL",8856539
"1043","Lanzettá","M",8856538
"1044","Brandt","K",8764721
"1045","Shua-Haim","JR",8707071
"1046","Chung","KC",8842975
"1047","Dohlem","R",8817754
"1048","Rosenbloom","AL",8799711
"1049","Elliot","D",8771480
"1050","Simons","AW",8771479
"1051","Donato","RR",8771478
"1052","Liss","GM",8732927
"1053","Starkweather","KD",8724485
"1054","Breed","CM",8732410
"1055","Mukerjea","SK",8632388
"1056","Badalamente","MA",8683048
"1057","Weinzweig","N",8596787
"1058","Urban","M",8676015
"1059","Berndt","A",9054192
"1060","De Maglio","A",8791875
"1061","Arkkila","PE",8697659
"1062","Berndt","A",8789403
"1063","Gschwind","C",8770739
"1064","Kosmehl","H",8822112
"1065","Fioravanti","A",8684670
"1066","Magro","G",8838371
"1067","Fagiani","MB",8583880
"1068","Bunker","TD",7559688
"1069","Belusa","L",7498844
"1070","Borchardt","B",7498843
"1071","Tolliss","D",7638078
"1072","Notbohm","H",8543577
"1073","Fitzgerald","AM",7594997
"1074","McFarlane","RM",8535478
"1075","Magro","G",8525780
"1076","Tomasek","J",7642925
"1077","Freeman","AG",7845126
"1078","Ekerot","L",7759920
"1079","Millesi","H",15612326
"1080","Apanasenko","BG",9027028
"1081","Foucher","G",8567134
"1082","Borchardt","B",7855750
"1083","Terek","RM",7822340
"1084","D'Arcangelo","M",7725907
"1085","Chammas","M",7722249
"1086","Kloen","P",7722248
"1087","González-Martínez","R",7719609
"1088","Erdmann","MW",7719607
"1089","Chiavegato","A",7535633
"1090","Renard","E",7713273
"1091","Rayan","GM",9437248
"1092","Umlas","ME",7822934
"1093","Brotherston","TM",7952813
"1094","Bovenzi","M",7951792
"1095","Smith","P",7806815
"1096","Hodgkinson","PD",7964109
"1097","Brandes","G",7964108
"1098","Bailey","AJ",7964107
"1099","De la Calle","JL",7943699
"1100","Pai","CH",7858460
"1101","Kuznetsova","NL",7625023
"1102","Mitra","A",8074370
"1103","Neumüller","J",8181183
"1104","Pittet","B",8171142
"1105","Alioto","RJ",8056971
"1106","Halliday","NL",8056970
"1107","Smith","DL",8153042
"1108","McFarlane","RM",8014570
"1109","Giddins","GE",8014567
"1110","Falasca","GF",8156963
"1111","Roberts","FP",8167322
"1112","Rompel","R",8140677
"1113","Cools","H",7847092
"1114","Berndt","A",7524526
"1115","Tropet","Y",7521655
"1116","Hueston","J",8308448
"1117","Jensen","CM",8308443
"1118","Badois","FJ",8054928
"1119","McCann","BG",8294839
"1120","Sugden","P",7905015
"1121","Shelley","WB",8101601
"1122","Robins","RH",8409666
"1123","Gamstedt","A",8340742
"1124","Kiess","W",8101283
"1125","Messina","A",8516411
"1126","Baird","KS",8099992
"1127","Weinzierl","G",8359061
"1128","Benjamin","M",8345272
"1129","Lyall","HA",8345271
"1130","Whaley","DC",8345270
"1131","Muguti","GI",8131202
"1132","McFarlane","RM",8338582
"1133","Baird","KS",8320323
"1134","Pasquali-Ronchetti","I",8501391
"1135","Lennox","IA",8501390
"1136","Bergenudd","H",8501389
"1137","Yacoe","ME",8456670
"1138","Carson","J",8426337
"1139","Muradian","GT",8048316
"1140","Stern","PJ",7529656
"1141","Foo","IT",1460863
"1142","Sanderson","PL",1447259
"1143","Rives","K",1430959
"1144","Rebelo","JS",1481713
"1145","Okano","M",1361291
"1146","Gonzalez","AM",1325742
"1147","Hueston","JT",1402277
"1148","Thomas","PR",1345125
"1149","Sonecki","P",1462571
"1150","Evans","RA",1624875
"1151","McCarthy","DM",1624874
"1152","Bonnici","AV",1624873
"1153","Dominguez-Malagon","HR",1568169
"1154","Classen","DA",1622023
"1155","Murrell","GA",1616255
"1156","Tsarev","NI",1302949
"1157","Gueth","G",1574335
"1158","Kelly","SA",1588210
"1159","Arafa","M",1588209
"1160","Adam","RF",1588208
"1161","Kuznetsova","NL",8594754
"1162","Sampson","SP",1564284
"1163","Badalamente","MA",1564283
"1164","Adam","RF",1564282
"1165","Lappi","DA",1314273
"1166","Noble","J",1640149
"1167","Mack","GR",1739585
"1168","Laurenza","F",1399532
"1169","Malvy","P",1342657
"1170","Foucher","G",1339728
"1171","Kuznetsova","NL",1332320
"1172","Kelly","C",1284019
"1173","Searle","AE",1284018
"1174","Vigroux","JP",1284017
"1175","Foucher","G",1284016
"1176","Murrell","GA",1284015
"1177","Hueston","J",1284014
"1178","Hueston","J",1284013
"1179","Caroli","A",1280972
"1180","Kuznetsova","NL",1279916
"1181","Watson","HK",1769988
"1182","Andrew","JG",1779164
"1183","Bellonias","EC",1773223
"1184","Hueston","JT",1769997
"1185","Watson","HK",1769996
"1186","Ketchum","LD",1769995
"1187","Schneider","LH",1769994
"1188","Chick","LR",1769993
"1189","Zemel","NP",1769992
"1190","Gandy","CL",1769991
"1191","Rudolph","R",1769990
"1192","Murrell","GA",1769989
"1193","Strickland","JW",1769987
"1194","Smith","AC",1769986
"1195","Hueston","JT",1769984
"1196","Brandes","G",1764681
"1197","Liu","Y",1940153
"1198","McFarlane","RM",1834729
"1199","Rompel","R",1796451
"1200","Dolynchuk","KN",1682354
"1201","Mäkelä","EA",1960492
"1202","Andrew","JG",1960491
"1203","Murrell","GA",1960490
"1204","Caroli","A",1960489
"1205","Andrew","JG",1960488
"1206","Moermans","JP",1960487
"1207","McFarlane","RM",1960484
"1208","Riolo","J",1882276
"1209","Dziak","A",1669110
"1210","Pearce","RL",1857310
"1211","Wulle","C",1937183
"1212","Rozadilla","A",1925404
"1213","May","PL",1883240
"1214","Tomasek","JJ",1867394
"1215","Gonzalez","F",2061659
"1216","Arenberg","AA",1874322
"1217","Falter","E",2071079
"1218","Meyer","VE",2028141
"1219","Bergaoui","N",2057690
"1220","Eadington","DW",2022177
"1221","Harrison","DH",2007822
"1222","Burke","FD",2007806
"1223","Olbrisch","RR",1994813
"1224","LeFlore","I",1994071
"1225","Parnitzke","B",1867022
"1226","Bardelli","M",1843082
"1227","Kuznetsova","NL",1798252
"1228","Lanz","U",1792830
"1229","Messina","A",1718360
"1230","Ebelin","M",1712163
"1231","Dingemans","AJ",2255374
"1232","Ranta","H",2091241
"1233","Dartoy","C",2269689
"1234","French","PD",2249028
"1235","Mel'nikov","AG",2264306
"1236","Sennwald","GR",2229974
"1237","Luk'ianov","LM",2215152
"1238","Richard-Kadio","M",2175829
"1239","Strickland","JW",2189928
"1240","Murrell","GA",2322211
"1241","Gonzalez","SM",2190416
"1242","Berger","A",2189228
"1243","Missfelder","S",2338307
"1244","Ordi","J",2317119
"1245","Bower","M",2105797
"1246","Kaklamanis","P",2360004
"1247","Wylock","P",2185601
"1248","Vathana","P",2163703
"1249","Matev","I",1705136
"1250","Varian","JP",1705135
"1251","Hueston","JT",1695516
"1252","Dziak","A",1369859
"1253","Jimenez","SA",2702055
"1254","Wylock","P",2684377
"1255","Greĭda","BP",2615620
"1256","Kazinnikova","OG",2811130
"1257","Stanislavskiĭ","AL",2811114
"1258","Hill","NA",2670963
"1259","Kuznetsova","NL",2812746
"1260","Rombouts","JJ",2754197
"1261","Wylock","P",2738339
"1262","Murrell","GA",2722922
"1263","Ruffino","C",2725939
"1264","Somers","KD",2918606
"1265","Wilhelm","A",2707653
"1266","Eadington","DW",2522859
"1267","Kischer","CW",2493650
"1268","Srivastava","S",2926218
"1269","Srivastava","S",2926217
"1270","Elliot","D",2647873
"1271","Magdics","M",2911451
"1272","Kuznetsova","NL",2814679
"1273","Duguid","KP",2809073
"1274","Trybus","M",2755342
"1275","Badalian","LO",2633568
"1276","Montagnani","S",2624543
"1277","Chernyshov","AV",2603027
"1278","Innocenti","M",2558859
"1279","Jennings","AM",2522373
"1280","Egloff","DV",2481373
"1281","Kuznetsova","NL",2481119
"1282","Mikusev","IE",2472714
"1283","Józsa","L",2471021
"1284","Kuhlmann","JN",3249131
"1285","An","HS",3225413
"1286","Badalamente","MA",3225412
"1287","Elliot","D",3074150
"1288","McGrouther","DA",3074149
"1289","Duthie","RB",2848038
"1290","Belusa","M",3214402
"1291","Wurster-Hill","DH",3414684
"1292","Wulle","C",3181829
"1293","Forgon","M",3181828
"1294","Wooldridge","WE",3399468
"1295","Kuznetsova","NL",3226715
"1296","Kuznetsova","NL",3193716
"1297","Jain","AS",3171288
"1298","Kjeldal","I",3171287
"1299","Bryan","AS",3171286
"1300","Mikusev","IE",3068887
"1301","Elliot","D",3049855
"1302","Guimberteau","JC",3375354
"1303","Rao","GS",3382858
"1304","Kuznetsova","NL",3174098
"1305","Lane","JG",3358339
"1306","Outhwaite","JM",3124922
"1307","Bianchini","E",3417331
"1308","Berge","G",3376608
"1309","Tunn","S",3373152
"1310","Józsa","L",3358315
"1311","Shum","DT",3351230
"1312","Rayan","GM",3336640
"1313","Norotte","G",3233038
"1314","Allieu","Y",3231828
"1315","Neumüller","J",3229549
"1316","Kuznetsova","NL",3212551
"1317","Schuhl","JF",3190319
"1318","Hoet","F",3190318
"1319","Iselin","F",3190317
"1320","Kumsiashvili","DB",3184682
"1321","Høgh","J",3178439
"1322","Machtey","I",3172107
"1323","Sukenik","S",3172106
"1324","Józsa","L",3138883
"1325","Quintana Guitian","A",3056294
"1326","Palkonyay","G",2902257
"1327","Salamon","A",2898562
"1328","Manninger","J",2898561
"1329","Králová","M",2470221
"1330","Tomasek","JJ",3440798
"1331","Murrell","GA",2825907
"1332","Hueston","JT",3316954
"1333","Merlo","G",3693826
"1334","Zemel","NP",3693825
"1335","Schuhl","JF",3429501
"1336","Thurston","AJ",3437199
"1337","Abbott","K",3437198
"1338","Makhlouf","MV",3318638
"1339","Hueston","JT",3655222
"1340","Cocco","PL",3447028
"1341","Lurie","SN",3320764
"1342","Ketchum","LD",3309018
"1343","Kasdan","ML",3331193
"1344","Józsa","L",3614235
"1345","Stránecký","M",3661020
"1346","Andrew","JG",3624996
"1347","Heim","M",3620804
"1348","Attali","P",3592873
"1349","Taccari","E",3497429
"1350","Pal","B",3305932
"1351","Takemoto","S",2445881
"1352","Frühaufová","V",2444056
"1353","Parrella","M",3508368
"1354","Bartal","AH",3308216
"1355","Watson","HK",3559089
"1356","Han","ZB",3304877
"1357","Stradner","F",3590817
"1358","Kuznetsova","NL",3574891
"1359","Salzberg","CA",3805650
"1360","Burgess","RC",3805648
"1361","Ebelin","M",3453324
"1362","Visnjić","M",3450107
"1363","Bruner","JM",3449003
"1364","Köstler","E",3436478
"1365","Satge","D",3434252
"1366","Peteiro","C",3323699
"1367","Forgon","M",2892976
"1368","Köhnlein","HE",2883783
"1369","Kuznetsova","NL",2447377
"1370","Langenberg","R",2442921
"1371","Kamenev","IuF",3822424
"1372","Hueston","JT",2877368
"1373","Mayer","M",3803028
"1374","Hankin","FM",3794501
"1375","Powell","BW",3794480
"1376","Stanley","JK",3794477
"1377","Kuznetsova","NL",3784510
"1378","Olmeda","A",3570750
"1379","Evans","RA",3490293
"1380","Paller","AS",2943155
"1381","Wulle","C",3744141
"1382","Larkin","JG",3087489
"1383","Mikusev","IE",3737148
"1384","Tomasek","JJ",3519746
"1385","Mackin","EJ",3517021
"1386","Bradlow","A",2871816
"1387","Cleland","H",3958553
"1388","Mennen","U",3958551
"1389","Merlo","G",3958550
"1390","Karchinov","K",3520433
"1391","Pereira","RS",3485693
"1392","Rassol","EE",2422804
"1393","Horton","P",3945772
"1394","Tubiana","R",3963905
"1395","Schneider","LH",3944435
"1396","Hagner","W",3769618
"1397","Kapandji","A",3767503
"1398","Patri","B",3767501
"1399","Nieminen","S",3740784
"1400","Belusa","M",3716465
"1401","Leclercq","C",3677913
"1402","Hassenstein","E",3513292
"1403","Hurst","LC",3456001
"1404","Matuska","V",4090872
"1405","Hill","NA",3908462
"1406","Evdokimov","VM",4087713
"1407","Gonzalez","RI",3913679
"1408","Nikolenko","VK",3910922
"1409","Hueston","J",3907476
"1410","Szántó","D",3832681
"1411","Borsotti","C",4092315
"1412","Tonkin","MA",4078465
"1413","Nagay","B",3914584
"1414","Logan","AM",3908602
"1415","Tonkin","MA",3908601
"1416","Hagner","W",4070047
"1417","Mohr","W",4082789
"1418","Jancar","J",4041700
"1419","Mikusev","IE",4069622
"1420","Slama","G",4042798
"1421","Milner","RH",4031627
"1422","Davies","D",3924207
"1423","Mikusev","IE",3896958
"1424","Wellner","K",4026790
"1425","Nagay","B",4007639
"1426","Martini","AK",4007638
"1427","Berger","A",3924790
"1428","Eide","E",3874125
"1429","Herbst","M",3975949
"1430","Ladjimi","A",3875174
"1431","Stewart","HD",3998585
"1432","Vande Berg","JS",3888033
"1433","Comtet","JJ",4083950
"1434","Kafar","K",4053751
"1435","Gaździk","T",4017714
"1436","Hueston","JT",4015238
"1437","Macrì","F",4007934
"1438","Manger","B",3983535
"1439","Pentland","AP",3973122
"1440","Strickland","JW",3968392
"1441","Legge","JW",3883547
"1442","Geldmacher","J",3882529
"1443","Laplane","D",3003874
"1444","Foucher","G",2418743
"1445","Dumitrescu","C",2409577
"1446","Barton","NJ",6512361
"1447","Spencer","JD",6334711
"1448","Ushijima","M",6507097
"1449","Moermans","JP",6494657
"1450","Gurr","E",6489852
"1451","Brass","H",6386737
"1452","Menzel","EJ",6386626
"1453","Vinogradov","EV",6566618
"1454","Heisel","J",6477466
"1455","Arafa","M",6747420
"1456","Rowley","DI",6747419
"1457","Asche","G",6745758
"1458","Hueston","JT",6380478
"1459","Tonkin","MA",6379077
"1460","Rosenbloom","AL",6374589
"1461","Noble","J",6725338
"1462","Hanyu","T",6740656
"1463","Crisp","AJ",6427451
"1464","Vande Berg","JS",6324265
"1465","Hueston","JT",6707508
"1466","Grace","DL",6707501
"1467","Chow","SP",6707994
"1468","Kischer","CW",6693745
"1469","Lubahn","JD",6693744
"1470","Addison","A",6693470
"1471","Watson","JD",6692058
"1472","Gaździk","T",6529922
"1473","Hueston","JT",6529287
"1474","Köhler","AH",6528027
"1475","Houcke","M",6508372
"1476","Vande Berg","JS",6491814
"1477","Macnicol","MF",6480188
"1478","Iwasaki","H",6150573
"1479","McFarlane","RM",6099177
"1480","Hueston","JT",6099169
"1481","Lugnegård","H",6361426
"1482","Stellini","L",6676345
"1483","Azzarone","B",6197420
"1484","Nduka-Agwu","E",6654304
"1485","Orsi","R",6674902
"1486","Sala","F",6674132
"1487","Watson","N",6647594
"1488","Verheyden","CN",6360477
"1489","McFarlane","RM",6355265
"1490","Houghton","S",6672504
"1491","Kleven","LH",6633489
"1492","Fröscher","W",6621750
"1493","Colville","J",6884846
"1494","Mackenney","RP",6884845
"1495","Rabinowitz","JL",6877040
"1496","Badalamente","MA",6683733
"1497","Mohr","W",6855540
"1498","Azuma","Y",6872294
"1499","Lanz","U",6852678
"1500","Lawson","PM",6343018
"1501","Rosenfeld","N",6852663
"1502","Williams","PL",6824828
"1503","Waxman","J",6600515
"1504","Sergovich","FR",6848917
"1505","de la Caffinière","JY",9382639
"1506","Saffar","P",9336654
"1507","Sennwald","G",9336649
"1508","Delbrück","A",6854215
"1509","Busse","E",6353806
"1510","Kotenko","VV",6188087
"1511","Cimmino","MA",7150385
"1512","Bottinelli","NF",6927030
"1513","Ehrlich","HP",6819866
"1514","Cutolo","M",7151383
"1515","Urbanski","A",7164550
"1516","Nardoni","A",7121881
"1517","Tasić","D",7182928
"1518","Gelberman","RH",7152373
"1519","McGrouther","DA",7152372
"1520","Hamamoto","H",6130030
"1521","Nadin","C",7167277
"1522","Marx","J",7150219
"1523","Matton","G",6756022
"1524","Tubiana","R",7049485
"1525","Andruson","MV",6294574
"1526","Hueston","JT",7119399
"1527","Nyberg","LM",6980996
"1528","Bottiglieri","G",6926892
"1529","Høgh","J",7117928
"1530","Leffell","MS",6979636
"1531","Bias","WB",6213155
"1532","Villiger","KJ",7079701
"1533","VandeBerg","JS",7071229
"1534","Jonderko","G",7122310
"1535","Tait","BD",7089958
"1536","Smith","RJ",7069179
"1537","Skliarenko","ET",7088533
"1538","Bennett","B",7066227
"1539","Hueston","JT",7060997
"1540","Manicourt","D",6979081
"1541","Fossati","P",9382632
"1542","Razemon","JP",9336611
"1543","Iselin","F",9303038
"1544","Cavolo","DJ",7069136
"1545","Short","WH",7061813
"1546","Ratajska","A",6752839
"1547","Grobe","JW",6218979
"1548","Slack","C",6215210
"1549","Flint","MH",6213370
"1550","Bocanegra","TS",7328561
"1551","Wheeler","ES",7291349
"1552","Roberts","FP",7329039
"1553","Haeseker","B",7296148
"1554","Hunter","T",7306253
"1555","Legge","JW",7276480
"1556","Robbins","TH",7271195
"1557","Delbrück","A",6270231
"1558","Kay","NR",6114340
"1559","Heathcote","JG",6113373
"1560","Brickley-Parsons","D",7240301
"1561","Horváth","G",7196372
"1562","Ascherl","R",6165661
"1563","Paletta","FX",7234634
"1564","Carrozzo","M",7016418
"1565","Nardoni","A",7012682
"1566","Martin","L",7346357
"1567","Jethon","J",7333137
"1568","Tubiana","R",7273614
"1569","Hochheim","B",7259734
"1570","Lane","CS",7212573
"1571","Sturfelt","G",6974956
"1572","Bray","E",7458975
"1573","Legge","JW",7430610
"1574","Nissenbaum","M",7430596
"1575","Scaraglio","C",7347658
"1576","Talke","M",7192528
"1577","Tamás","A",7456577
"1578","Snyder","M",7440879
"1579","Mollica","Q",7216725
"1580","Mészáros","L",7454290
"1581","James","WD",7396546
"1582","Rafter","D",7399858
"1583","Sinkorová","B",7394688
"1584","Johnson","HA",7367516
"1585","Crockett","JE",6994572
"1586","Mikusev","IE",7383631
"1587","Balaba","TIa",7383611
"1588","Gelberman","RH",7364813
"1589","Bulfoni","A",7224858
"1590","Markham","DE",7384268
"1591","Bazin","S",6768572
"1592","Vogt","HJ",6767935
"1593","Kafar","K",7460674
"1594","Kozłowski","B",7460673
"1595","Grobe","JW",7439032
"1596","Gibson","PH",7420309
"1597","Martini","AK",7415423
"1598","Baker","GC",7370452
"1599","Bertsch","V",7250792
"1600","Pieczkowski","W",7238165
"1601","Salamon","A",7195866
"1602","Salamon","A",7192480
"1603","Tubiana","R",6453390
"1604","Staubesand","J",6450022
"1605","Pospísilová","J",6164195
"1606","Linss","G",551607
"1607","Lanari","A",550047
"1608","Goridova","LD",530634
"1609","Samoĭlovich","EF",529707
"1610","Chiandussi","D",262903
"1611","Corrado","EM",262902
"1612","De Haas","WH",11496377
"1613","Hazarika","EZ",520877
"1614","Bauer","M",516845
"1615","Andruson","MV",505808
"1616","Menzel","EJ",391658
"1617","Goridova","LD",523105
"1618","Mennen","U",501059
"1619","de Haas","WH",481620
"1620","Maes","J",451086
"1621","Furnas","DW",451085
"1622","Plasse","JS",451084
"1623","Meister","P",390518
"1624","Sonderegger","P",382176
"1625","Noack","W",463223
"1626","King","EW",86553
"1627","Podrushniak","EP",450419
"1628","Matthews","P",444771
"1629","Parker","HG",438648
"1630","Carr","RW",453482
"1631","Dell'Orto","R",546523
"1632","Burkhardt","E",435230
"1633","Ilias","W",554854
"1634","Poulenas","I",546319
"1635","Zivković","M",451378
"1636","Zaworski","RE",432317
"1637","Fabri","S",262111
"1638","Hauer","G",102982
"1639","Ashkenazi","AI",732108
"1640","Balaba","TIa",734986
"1641","Schwarzbart","G",362721
"1642","Aaron","C",220721
"1643","Schink","W",703662
"1644","Deutschmann","W",80741
"1645","Ariyan","S",687101
"1646","Dei Poli","G",150552
"1647","Kaz'min","AI",704058
"1648","Rank","BK",282871
"1649","Lukacs","S",151104
"1650","Florescu","A",705211
"1651","Hasche-Klünder","R",308273
"1652","Beltran","JE",350950
"1653","Raso","AM",704133
"1654","Ritter","G",639679
"1655","Mikkelsen","OA",710978
"1656","Berger","MR",246683
"1657","Meister","P",304964
"1658","Mastrosimone","F",757105
"1659","Westerkamp","M",755067
"1660","Haimovici","N",748112
"1661","Jakubowski","J",710213
"1662","Jakubowski","J",699691
"1663","Chiu","HF",621363
"1664","Schepart","BS",284078
"1665","Rosenberg","HS",215963
"1666","Karagancheva","S",83767
"1667","Julliard","FA",610578
"1668","De Frenne","HA",610574
"1669","Andruson","MV",600504
"1670","Dei Poli","G",600446
"1671","Bailey","AJ",589933
"1672","Baumgartner","HP",918592
"1673","Mikkelsen","OA",608634
"1674","Gokel","JM",597103
"1675","Gokel","JM",597102
"1676","Nemetschek-Gansler","H",198946
"1677","Brazin","S",410522
"1678","Fitzgerald","JA",928545
"1679","Allen","PW",920873
"1680","Coupland","WW",895643
"1681","Tavormina","V",410948
"1682","Montandon","D",328211
"1683","Gray","RG",871301
"1684","Sy","WM",870633
"1685","Ravid","M",605747
"1686","Schöllner","D",268108
"1687","Rondier","J",194331
"1688","Chernavskiĭ","VA",876623
"1689","Chernavskiĭ","VA",867717
"1690","Bell","RC",858002
"1691","Peyron","JG",191905
"1692","Bertrand","J",190684
"1693","Mikkelsen","OA",892619
"1694","Stevanović","D",869450
"1695","Saubermann","P",842084
"1696","Glas","K",838438
"1697","Aron","E",189427
"1698","Lehmann","L",873348
"1699","Mitz","V",869500
"1700","Martin","PU",868341
"1701","Fischer","W",848169
"1702","Gabbiani","G",838550
"1703","Stuhler","T",615080
"1704","Jacobsen","K",609907
"1705","Jakubowski","J",608395
"1706","Wiener","AS",414513
"1707","Belusa","M",341597
"1708","Hoopes","JE",190288
"1709","Noeva","K",70139
"1710","Tubiana","R",1024033
"1711","Nemetschek","T",827084
"1712","Van Wetter","P",1008460
"1713","Kuhlmann","N",1008452
"1714","Sonntag","W",997730
"1715","Noble","J",976828
"1716","Mikkelsen","OA",976827
"1717","Gray","RG",60783
"1718","Hueston","JT",979843
"1719","Tavormina","V",1003618
"1720","Fraser-Moodie","A",938783
"1721","Ward","CM",939445
"1722","Vogt","HJ",1272183
"1723","Critchley","EM",932769
"1724","Rodrigo","JJ",1262372
"1725","Ariyan","S",769748
"1726","Beltran","JE",1261904
"1727","Hueston","JT",1261891
"1728","Boroń","P",1257103
"1729","Krüger","H",960756
"1730","Madden","JS",54731
"1731","Luppino","T",1024793
"1732","Raso","AM",1008302
"1733","Kiene","S",983466
"1734","Jakubowski","J",964044
"1735","Katenkamp","D",941544
"1736","Chanson","L",798535
"1737","Rukosuev","VS",776148
"1738","Peacock","EE",765047
"1739","Bauer","M",186961
"1740","Elsahy","NI",128024
"1741","Bowser-Riley","S",54801
"1742","Fossati","P",1207354
"1743","Diebold","P",1211818
"1744","Deutschmann","W",1107712
"1745","Newell","RL",1205370
"1746","Brown","HE",52153
"1747","Snow","JW",1099165
"1748","Lee","WS",1225929
"1749","Lanz","U",1201675
"1750","Schink","W",1132355
"1751","Köstler","E",1183678
"1752","Harrison","SH",1107181
"1753","Gorlianskiĭ","PI",1040736
"1754","Jones","KG",124725
"1755","Brüchle","H",1126297
"1756","de Nayer","F",1223114
"1757","Soncini","G",1156466
"1758","Martini","GA",123835
"1759","Kirsch","A",1220332
"1760","Weickert","H",1218046
"1761","Tavormina","V",177136
"1762","Lanz","U",804661
"1763","Weyers","H",1037818
"1764","Hunter","JA",1125475
"1765","Hunter","JA",1125474
"1766","Nagay","B",1112162
"1767","Krebs","H",1079070
"1768","Lagier","R",804749
"1769","Tyrkkö","J",55091
"1770","Iandarov","VM",4374575
"1771","Reilly","CP",4453241
"1772","Sakharov","VA",4610272
"1773","Conolly","WB",4533891
"1774","Hackett","ME",4609525
"1775","Harrison","SH",4426531
"1776","Becton","JL",4416371
"1777","Aulepp","H",4424526
"1778","Rodríguez Cuartero","A",4438733
"1779","Fissette","J",4428106
"1780","Naim","U",4848532
"1781","Berge","G",4411102
"1782","McFarlane","RM",4832466
"1783","Briedis","J",4425492
"1784","Orlando","JC",4425491
"1785","Beighton","P",4274709
"1786","Mikusev","IE",4602708
"1787","Kedrova","AN",4602704
"1788","Drews","RC",4813316
"1789","Klug","W",4838335
"1790","Carr","TL",4825396
"1791","Conolly","WB",4596586
"1792","Iischer","K",4417215
"1793","Rettig","H",4274855
"1794","Apeland","L",4821255
"1795","Pierce","ER",4469987
"1796","Bisschop","G",4282354
"1797","Knierer","W",4786603
"1798","Sabiston","DW",4759838
"1799","Friedrich","W",4210292
"1800","Cramer","A",4801074
"1801","Nagay","B",4766804
"1802","Hueston","JT",4747857
"1803","Schink","W",4744385
"1804","Barry","M",4583703
"1805","Moberg","E",4583011
"1806","Kraft","D",4766307
"1807","Montandon","D",4723132
"1808","Lieberman","RA",4715276
"1809","Sinilo","MI",4594925
"1810","Chernavskiĭ","VA",4776597
"1811","Salvi","V",4715702
"1812","Gay","B",4728857
"1813","Nagay","B",4797249
"1814","Ioannovich","J",4724522
"1815","Krauss","M",4755333
"1816","Fleischmajer","R",4266826
"1817","Bureau","H",4702952
"1818","Lösch","GM",4540521
"1819","van der Meulen","JC",4688231
"1820","Huffstadt","AJ",4688227
"1821","Wroblewski","BM",4694161
"1822","Pulvertaft","RG",4571511
"1823","Hueston","JT",4521078
"1824","Hunter","JA",4593854
"1825","Reumert","T",4589102
"1826","Vijanto","JA",4584528
"1827","Fogarasi","D",4512786
"1828","Chase","RA",4563083
"1829","Dupont","C",5083667
"1830","Wilson","WF",4533414
"1831","Ioannovich","J",5084265
"1832","Glatzel","W",4642338
"1833","Hazelwood","JG",4668428
"1834","Ogdon","C",4115854
"1835","Early","PF",4116807
"1836","Günther","O",4634251
"1837","Dubois","G",5078175
"1838","Clark","C",4115259
"1839","Hunter","KR",4115052
"1840","Horváth","G",5064177
"1841","Gay","S",4559975
"1842","Müller","U",5072111
"1843","Revach","M",5051787
"1844","Calberg","G",5044110
"1845","Barclay","TL",5040340
"1846","Flam","M",5030180
"1847","Struchkov","VI",5048105
"1848","Pojer","J",5019444
"1849","Sakellarides","HT",5041814
"1850","Ketchum","LD",4551364
"1851","Berg","E",4335505
"1852","Lorthioir","J",4551156
"1853","Comtet","JJ",5043659
"1854","Chouchkov","H",5033788
"1855","Gabbiani","G",5009249
"1856","Bridgman","JF",5008469
"1857","Lipiński","J",4664976
"1858","Wassilev","W",4648425
"1859","Wilhelm","K",4644570
"1860","Mikkelsen","OA",4642708
"1861","Degen","IL",4634212
"1862","Shaw","DT",4560069
"1863","Anastasatu","C",4538033
"1864","Buchan","JF",4536904
"1865","Koob","E",4121096
"1866","Quetglas","J",4119065
"1867","Rukavina","K",4117877
"1868","Kipikasa","A",4112400
"1869","Nigst","H",5158870
"1870","Itani","Z",5158334
"1871","Frank","IN",5116297
"1872","Tubiana","R",5157743
"1873","Jung","Y",4329939
"1874","Bauer","M",5124356
"1875","Horner","RL",5097775
"1876","Schink","W",5571619
"1877","Schäbitz","J",4107796
"1878","Bianchi","V",5570485
"1879","Buturlina","VF",5156857
"1880","Gonzalez","RI",5563816
"1881","Aron","E",5109396
"1882","Rovetta","G",5317289
"1883","Cornand","G",5144782
"1884","Lazarini","HJ",4401750
"1885","Viljanto","J",4254138
"1886","Wilhelm","K",5558743
"1887","Honner","R",5578220
"1888","Prokop'ev","NIa",5207038
"1889","Lenggenhager","K",5163118
"1890","Verstreken","J",5098558
"1891","Stack","HG",5574686
"1892","Février","JC",5562245
"1893","Narycheva","OA",5561096
"1894","Rhode","CM",5550334
"1895","Shul'tsev","GP",5562406
"1896","Sinkarenko","IN",5111342
"1897","Hueston","JT",5098337
"1898","Ievlev","VA",5127295
"1899","Schröter","G",5575605
"1900","Vuopala","U",5552618
"1901","Hetzel","R",5539015
"1902","Rhode","CM",5538727
"1903","Szendröi","M",5173470
"1904","Sturm","M",5152896
"1905","Zachariae","L",5136052
"1906","Blokhin","VN",5115313
"1907","Jouve","O",4935301
"1908","Dalinka","MK",5492587
"1909","Nagay","B",4922139
"1910","Bianco","C",5483299
"1911","Mammucari","R",5478551
"1912","Bruner","JM",5520742
"1913","Berger","A",5521153
"1914","Berger","A",5514325
"1915","Millesi","M",5447792
"1916","Su","CK",5433067
"1917","Field","PL",5272611
"1918","Swash","M",5463538
"1919","Strack","E",5515092
"1920","Spring","M",5267652
"1921","Tichý","A",5461831
"1922","Jílek","M",5445711
"1923","Field","PL",5428674
"1924","Pierre","F",5422882
"1925","Lequesne","M",5419952
"1926","Schiavetti","L",5446812
"1927","James","JI",5436201
"1928","Eicher","E",5538428
"1929","Brüchle","H",5538421
"1930","Lipiński","J",5538227
"1931","Zachariae","L",5502407
"1932","Zachariae","L",5477544
"1933","Kubicz","J",5457385
"1934","Pojer","J",5423197
"1935","Zachariae","L",4926013
"1936","Kipikasa","A",4195450
"1937","Zachariae","L",5372727
"1938","de Larrard","J",5400408
"1939","Dylevský","I",5363427
"1940","Shiraishi","S",5390465
"1941","Dubois","G",5365417
"1942","Libon","JC",5376512
"1943","Barker","SA",4242211
"1944","Pastremoli","A",5346508
"1945","Delpuget","J",5402187
"1946","Guillamon","JL",5194486
"1947","Jakubík","J",5792504
"1948","Theisinger","W",4097420
"1949","Doyle","JR",5798498
"1950","Heuston","JT",4891593
"1951","Tasca","G",5396748
"1952","Tubiana","R",4247554
"1953","Dörken","H",4178722
"1954","Koens","L",5769004
"1955","Duperrat","B",5809281
"1956","Gonzalez","RI",5804489
"1957","Zachariae","L",5400221
"1958","Ağbaba","S",5398999
"1959","Morozova","GP",5309835
"1960","Krampac","I",5193778
"1961","Okoniewski","R",4983333
"1962","Nigst","H",4141972
"1963","Dylevský","I",5711322
"1964","Jakubík","J",5706977
"1965","Göb","A",5705573
"1966","Furlong","R",5726025
"1967","Aron","E",5724620
"1968","Tubiana","R",5683795
"1969","Becton","JL",5682498
"1970","Leake","CD",5676501
"1971","Reichmann","W",4878354
"1972","Williams","JL",5679004
"1973","Dupuytren","BG",4878463
"1974","In der Au","HJ",5733031
"1975","Kuczynski","K",5726917
"1976","Phelan","JT",5673066
"1977","Hueston","JT",5667452
"1978","Mayer","EG",5679743
"1979","Bäumer","A",5670264
"1980","Cécile","JP",5678484
"1981","Ludvik","W",5654315
"1982","Jokić","N",5188259
"1983","Traut","EF",4230883
"1984","Niederland","WG",4869140
"1985","Vogl","A",4173858
"1986","Papelard","A",5757363
"1987","Bezukhov","IM",5738793
"1988","Horváth","G",5690306
"1989","Kipikasa","A",5654460
"1990","Michálek","V",4871590
"1991","Costa","G",5709248
"1992","Maza","RK",5672291
"1993","Boyes","JH",5644612
"1994","Bruner","JM",5644445
"1995","Tasić","D",5192780
"1996","Küper","M",4232560
"1997","Dahmen","G",4173605
"1998","Iselin","M",5715732
"1999","Cagnoni","M",5713068
"2000","Ledoux","A",5702706
"2001","Calberg","G",4922075
"2002","Uebermuth","H",4188995
"2003","Dilşen","G",4184529
"2004","Wray","JB",6081059
"2005","Oberwittler","W",4233085
"2006","Rhode","CM",6061280
"2007","Slater","RM",6055723
"2008","Schiavetti","L",5622863
"2009","Rhomberg","HP",5589331
"2010","Shimomura","H",5627106
"2011","Weitgasser","H",5591425
"2012","Morley","GH",6059065
"2013","Tuzi","T",5617957
"2014","Shimomura","Y",5582313
"2015","Keusséoglou","A",5244416
"2016","Zakharov","AV",5612689
"2017","McGregor","IA",5341268
"2018","Cagnoni","M",4992802
"2019","Dickie","WR",6031149
"2020","Ziliotto","G",5608429
"2021","Repossi","G",5607017
"2022","Tubiana","R",6025689
"2023","Dickie","WR",6025688
"2024","Millesi","H",5593460
"2025","Vogl","A",5584624
"2026","Gosset","J",5618786
"2027","Skoog","T",5336808
"2028","Blinov","NI",5612676
"2029","Tarantola","A",5605871
"2030","Belz","W",6037112
"2031","Hamilton","WK",6071121
"2032","Bartkowiak","E",6065737
"2033","Jakubowski","J",6065736
"2034","Valentin","P",5605839
"2035","Zachariae","L",5605144
"2036","Dahmen","G",5590882
"2037","Razemon","JP",5587123
"2038","Dabrowski","T",5582579
"2039","Bogdanov","B",5189325
"2040","Mikkelsen","OA",4974038
"2041","Koschitz-Kosic","H",4173249
"2042","Thiébaut","F",4168876
"2043","Zachariae","L",5977928
"2044","Tajima","T",6010202
"2045","De Becker","R",5994984
"2046","Dahmen","G",4231570
"2047","Dahmen","G",4231569
"2048","Azzini","N",5999856
"2049","McFarlane","RM",5331938
"2050","Jakubík","J",5975119
"2051","Stiles","PJ",5913136
"2052","Wegmann","T",5990942
"2053","Dahmen","G",5927490
"2054","Wallace","AF",4952881
"2055","Ardillo","L",4868154
"2056","Ehlers","G",5963475
"2057","Bobkó","G",5997706
"2058","Lewis","GK",5931903
"2059","Bitter","J",5916565
"2060","Solursh","LP",5933060
"2061","Blinov","NI",6001204
"2062","Corsi","M",5985683
"2063","Burch","PR",5937596
"2064","Despierres","G",5931669
"2065","Tylicki","M",5945929
"2066","Hakstian","RW",5931594
"2067","Iselin","M",5906956
"2068","Halliday","DR",5903706
"2069","Federzoni","F",5944458
"2070","Witt","AN",5342293
"2071","Nazari","B",5215562
"2072","Sebellin","O",5881412
"2073","Rott","Z",5865739
"2074","Jakubík","J",5862184
"2075","Pussant","A",5850310
"2076","John","H",5899864
"2077","Emmrich","R",5869266
"2078","Ipbüker","A",5880301
"2079","Dabrowski","T",5848453
"2080","Wallace","AF",5846729
"2081","Webb-Jones","A",4284876
"2082","Gossrau","G",5893757
"2083","Davis","JE",5318808
"2084","Usol'tseva","EV",5869052
"2085","Mounier-Kuhn","A",5840872
"2086","Mantero","R",5840556
"2087","JOLY","JP",14294045
"2088","MARSANO","R",14346254
"2089","PREUSS","EG",14305233
"2090","PAYNE","RL",14300575
"2091","DUPONT","C",14299666
"2092","HOOPES","JE",14294142
"2093","ROSENBAUM","EE",14271981
"2094","SCATAFASSI","S",14344849
"2095","LICK","RF",14331810
"2096","POZZI","LL",14336348
"2097","OLESEN","E",14294396
"2098","SHAW","MH",14283446
"2099","Mattioli-Foggia","C",5837063
"2100","GILLIES","WE",14274390
"2101","KHAMRAEV","ShSh",14279275
"2102","EYLER","R",14276554
"2103","HUESTON","JT",14263949
"2104","Pushkareva","AA",5842909
"2105","FOSCARINI","N",14310510
"2106","GELDMACHER","J",14290040
"2107","KLEMENCIC","H",14331224
"2108","BASSOT","J",14330118
"2109","LOGACHEV","KD",14270054
"2110","Montenero","P",5881918
"2111","Millesi","H",5325258
"2112","Millesi","H",5325027
"2113","Gottlieb","O",5214011
"2114","Dörken","H",4165755
"2115","SIVANOVA","Z",14253804
"2116","WECKESSER","EC",14246134
"2117","CURRARINO","G",14237489
"2118","DICKSON","JW",14213574
"2119","SIEGENTHALER","P",14335462
"2120","BAIN-RIB","MA",14312007
"2121","DUPERRAT","B",14271120
"2122","GOSSET","J",14243715
"2123","ZARAFONETIS","CJ",14224774
"2124","GOSSET","J",14245945
"2125","SPEISER","P",14316597
"2126","VANWETTER","P",14230447
"2127","ZANCOLLI","E",14236360
"2128","GORDON","SD",14218960
"2129","ROAF","R",14216836
"2130","SEIFFERT","KE",14323001
"2131","SEIFFERT","KE",14309468
"2132","KLUNKER","W",14300003
"2133","TUBIANA","R",14198138
"2134","WEESE","K",14256032
"2135","WALTHER","H",14252655
"2136","MCCASH","CR",14191131
"2137","KLUNKER","W",14236453
"2138","CUBUKCU","OC",14185364
"2139","GALLIZIA","F",14171347
"2140","TUBIANA","R",14186373
"2141","LETTIN","AW",14167627
"2142","STOYLE","TF",14167626
"2143","REPOSSI","G",14159579
"2144","SHAW","MH",14145049
"2145","BARCLAY","TL",14145046
"2146","Wegmann","T",5878729
"2147","MORI","G",14192202
"2148","JANISCH","K",14214993
"2149","BELLMANN","G",14212367
"2150","GALLI","P",14174365
"2151","ALMENARBENAGES","L",14158330
"2152","KINIFFO","V",14142237
"2153","ZOBEL","K",14153611
"2154","RECHNAGEL","K",14096890
"2155","TUBIANA","R",14110402
"2156","BAUMGARTL","F",14130000
"2157","ZACHARIAE","L",14284184
"2158","HUESTON","JT",14192149
"2159","KUKLA","D",14188671
"2160","PIGUET","B",14184741
"2161","DELBRUECK","A",14181426
"2162","EL-MAGHRABY","A",14162547
"2163","KRONBERGER-SCHOENECKER","D",14157147
"2164","BARINKA","L",14155985
"2165","CHERNAVSKY","VA",14134962
"2166","CHANUT","JC",14126541
"2167","EHLERS","H",14124642
"2168","HUSLAROVA","A",14114715
"2169","CORNAGLIA","C",14158412
"2170","TOPALOV","PD",14149305
"2171","FRACKELTON","WH",14084941
"2172","GOLDBERG","J",14083125
"2173","LING","RS",14074318
"2174","RICCI","N",14112416
"2175","GELDMACHER","J",14092514
"2176","TUBIANA","R",14091266
"2177","FREEHAFER","AA",14077984
"2178","MARSICO","G",14083526
"2179","PEREIRA","OM",14084084
"2180","SIELER","H",14077579
"2181","PULVERTAFT","RG",14043688
"2182","CLARKSON","P",14042757
"2183","CHANUT","JC",14020107
"2184","MONEKOSSO","GL",13936017
"2185","CZIPOTT","Z",14024469
"2186","ISELIN","M",13956773
"2187","GUILLEMINET","M",13963432
"2188","ANTONUTTI","A",14013395
"2189","VILAIN","R",13997219
"2190","SECONDO","G",14061187
"2191","SKOOG","T",13989094
"2192","OLIVE","JM",13939983
"2193","KAMINSKI","J",14310981
"2194","MIESZCZANSKI","A",14111821
"2195","KARTIK","I",14068340
"2196","KVICALA","V",14049942
"2197","KVICALA","V",14049941
"2198","HUESTON","JT",13955493
"2199","MUNZENBERG","KJ",13936681
"2200","KAUFHOLD","N",14031363
"2201","CURTIN","JW",14024346
"2202","VAIN-RIB","MA",13995756
"2203","MATEV","I",13933560
"2204","SUBER","WJ",13918099
"2205","WIELINGA","WJ",14006800
"2206","MACCALLUM","P",14467751
"2207","HARTLEY","FK",13904991
"2208","DEMING","EG",13885340
"2209","HUESTON","JT",14449733
"2210","MEAGHER","SW",14471920
"2211","JOLICOEUR","A",14452176
"2212","HUESTON","JT",14449732
"2213","WILSON","JN",14007385
"2214","TEODORESCO","S",13980590
"2215","CHERNAVSKII","VA",13878725
"2216","PAESLACK","V",14038148
"2217","HAMLIN","E",13904125
"2218","BEDOGNI","C",13866473
"2219","GELFARB","M",13897603
"2220","LEWIS","GK",15445813
"2221","NIKOLOVA","L",13938693
"2222","MATEV","I",13933559
"2223","ERLANGER","D",13890600
"2224","LEDOUX","A",14463448
"2225","RIORDAN","DC",14492405
"2226","BERGONZELLI","V",13867782
"2227","PAVONE","M",14484646
"2228","CORLETTI","SC",13881347
"2229","WEESE","K",13783724
"2230","WEGMANN","T",15445594
"2231","HUESTON","JT",13716568
"2232","COSTE","F",13695837
"2233","AGUSTONI","CB",13681743
"2234","LAWTON","RL",13759727
"2235","HEINEMANN","G",13712921
"2236","FREILINGER","G",13701693
"2237","NEUSCHAEFER-RUBE","R",13728568
"2238","SCHINK","W",14498442
"2239","SIERRA","AJ",13989000
"2240","MATEV","I",13768056
"2241","SCHROETER","G",13748694
"2242","ISELIN","M",13717968
"2243","CLARKSON","P",13693916
"2244","ASBOE-HANSEN","G",13684656
"2245","HEYSE","WE",13714099
"2246","JAHNKE","A",13789194
"2247","DEMERS","R",13721744
"2248","WEGMANN","T",13783741
"2249","WEBSTER","GV",13843340
"2250","VENTURINI","G",13780747
"2251","HAMPL","K",13711115
"2252","VOLKMANN","J",13781977
"2253","DUEBEN","W",13724764
"2254","HEIM","W",13712861
"2255","DE DOMINICIS","G",13720481
"2256","WANG","MK",13842799
"2257","STEIN","A",13834082
"2258","SCHMITT","HW",14443146
"2259","STEYER","A",13834634
"2260","RENARD","G",14437315
"2261","MIRABET","V",14422825
"2262","LAGIER","R",14413428
"2263","D'ANGELO","GJ",13813582
"2264","CALATI","A",13806871
"2265","EL-BANHAWY","A",13726291
"2266","RASIN","F",14436337
"2267","KELLY","AP",14405286
"2268","VAN DEMARK","RE",13841002
"2269","DE GREGORIO","E",13814762
"2270","FRANCON","F",13824471
"2271","GOSSET","J",13851386
"2272","FRANCON","F",13824470
"2273","LORENZEN","J",14418301
"2274","GORDON","SD",13662933
"2275","LUCK","JV",13664703
"2276","CELIKOGLU","S",13808750
"2277","HEIM","W",13671684
"2278","SHINKARENKO","IN",13667268
"2279","FRANCON","F",13658258
"2280","BARCLAY","TL",13645251
"2281","BARLETTA","LP",13796829
"2282","WEESE","K",13652634
"2283","Touzard","J",13655799
"2284","ASTIZ","JM",13794878
"2285","PIETRABISSA","G",14432888
"2286","PARRINI","L",14430593
"2287","KOHLER","CJ",14410540
"2288","HOWARD","LD",14403457
"2289","TESSARI","L",13837569
"2290","MACMAHON","HE",13662827
"2291","Weissenbach","R",13647994
"2292","GOSSET","J",13622195
"2293","SHUSHKOVSKII","II",13615562
"2294","SCHLEGEL","JJ",13610198
"2295","DI PORTO","A",13597963
"2296","BORGES","A",13628405
"2297","BUFF","HU",13592764
"2298","SALMON",NA,13621775
"2299","MARS","G",13586633
"2300","LARSEN","RD",13549515
"2301","TESCHENDORF","W",13551822
"2302","Nezelof","C",13556007
"2303","FURLONG","R",13542430
"2304","ASTIZ","JM",13601495
"2305","ROODENBURG","AI",13507735
"2306","BRIANTSEVA","LN",13550424
"2307","McINDOE","A",13487940
"2308","LAGIER","R",13527435
"2309","LE CHUITON",NA,24545031
"2310","GRENDA","J",13547339
"2311","EUFINGER","H",13503573
"2312","VOROB'EV","VN",13544046
"2313","ABRAHAM","JC",13490213
"2314","LE CHUITON","M",13516398
"2315","SAN MARTINO","A",13516863
"2316","ABRAHAM","S",13496887
"2317","BANG","J",13455950
"2318","DE SEZE","S",13518950
"2319","WALTERS","JH",13455701
"2320","BUGNI","LD",13439376
"2321","HUFFSTADT","AJ",13451777
"2322","WEBSTER","GV",13484489
"2323","SNYDER","CC",13444638
"2324","PALETTA","FX",13438800
"2325","BOHLER","J",13437362
"2326","SORENSEN","KH",13431012
"2327","BIANCO","T",13440645
"2328","SCARFI","G",13462019
"2329","HOLLENDER","L",13433132
"2330","SAN MARTINO","A",13500535
"2331","GROSS","F",13498701
"2332","DEMETRAKOPOULOS","NJ",13494646
"2333","BELLI","L",13489840
"2334","KOSTIA","J",13470398
"2335","ROSENAUER","F",13445107
"2336","HOFMEISTER","F",13404683
"2337","GORDON","S",13396193
"2338","SKOOG","T",13389045
"2339","MOORHEAD","JJ",13378658
"2340","MONTUORI","R",13390519
"2341","FRANCON","F",13432447
"2342","CORDREY","LJ",13365920
"2343","MOORHEAD","JJ",13362726
"2344","DAVIDSON","CS",13369671
"2345","COVINO","J",13357792
"2346","OTT","A",13392859
"2347","BLUM","P",13396477
"2348","LAGIER","R",13350111
"2349","CRAWFORD","HR",13324668
"2350","GIAUNI","G",13370922
"2351","WIERZBICKI","J",13349562
"2352","MCCASH","CR",13315971
"2353","KARTIK","I",13335196
"2354","ARIEFF","AJ",13288764
"2355","KHOLEVICH","Ia",13439798
"2356","WASSERBURGER","K",13360519
"2357","ZAGNONI","C",13343480
"2358","BENASSI","V",13343479
"2359","BUREAU","Y",13329672
"2360","TOPALOV","PD",13322448
"2361","ISELIN","M",13285072
"2362","BROADBENT","TR",13281406
"2363","TUBIANA","R",13271462
"2364","HINES","RA",13263169
"2365","FRANCON","F",13311235
"2366","FINNEY","R",13269766
"2367","ZACHARIAE","L",13292033
"2368","CONWAY","R",13266554
"2369","YOST","J",13258948
"2370","PFANDLER","U",13282659
"2371","HERMANN","H",13282347
"2372","BERTHELSEN","A",13247496
"2373","LANGSTON","RG",14381645
"2374","GIAUNI","G",13255049
"2375","HOULI","J",13249844
"2376","GOHRBANDT","E",14383153
"2377","FRANCON","F",14386611
"2378","MORENO BLANCO","E",13323554
"2379","FRANCON","F",13255358
"2380","HILBERS","B",14369639
"2381","HARRISON","MH",14371563
"2382","VAN DEN BOSCH","J",14356280
"2383","BEDINA","GE",14395540
"2384","GOETZEE","AE",14351738
"2385","RUTISHAUSER","E",13337300
"2386","ALLEN","RA",13233265
"2387","CALLOMON","FT",14374873
"2388","ISELIN","M",13209969
"2389","GUTZEIT","K",13235186
"2390","MAZZONI","G",13224915
"2391","GORDON","S",13208116
"2392","GUTZEIT","K",13223241
"2393","GILSTON","RJ",13191503
"2394","ALLDRED","AJ",13189853
"2395","FRANCON","F",13186554
"2396","BOYES","JH",13158732
"2397","BENES","B",13208889
"2398","Francon","F",13195407
"2399","OLDFIELD","MC",13167054
"2400","PESKOVA","H",13150370
"2401","ISELIN","M",13178512
"2402","BECK","W",13165474
"2403","BERRY","EP",13145330
"2404","SCHJELDERUP","H",13146667
"2405","FOLDI","M",13166255
"2406","RICHARDS","HJ",13130626
"2407","FRANCON","F",13145555
"2408","PEDERSEN","HE",13108655
"2409","RINIKER","P",14372946
"2410","OESER","H",14359027
"2411","FIORENTINO","M",13225405
"2412","BARGY","P",13202130
"2413","WESENER","G",13200137
"2414","ARDAO","AR",13189126
"2415","PERUSI","A",13172046
"2416","BERNSTEIN","H",13119887
"2417","GRAUBARD","DJ",13118220
"2418","CONWAY","H",13114537
"2419","COSTE","F",13156289
"2420","RICHARDS","HJ",13119162
"2421","FENNEY","R",13110053
"2422","WILD","H",13137052
"2423","MURINEDUU","A",13121831
"2424","MATTIOLI-FOGGIA","C",13216046
"2425","WARREN","RF",13093970
"2426","DE LIMA","EV",13182096
"2427","ROCHER","HL",13106169
"2428","LASSERRE","C",13106168
"2429","ASHLEY","FL",13073480
"2430","HILL","EJ",13055481
"2431","LAUFER","M",13067082
"2432","PEREGALLI","PF",13066223
"2433","BRUNE","W",13068061
"2434","MOORHEAD","JJ",13030939
"2435","ANDRE-THOMAS",NA,13055790
"2436","PFLUGER","W",13078465
"2437","TILLEY","AR",13038990
"2438","SALVINI","L",13155840
"2439","SCHENCK","E",13141810
"2440","FINCK","KW",13102057
"2441","MOBERG","E",13091862
"2442","LORIN","J",13081271
"2443","BAUMGART","R",13050079
"2444","SCHOLZ","O",13050078
"2445","GANNON","JA",13001409
"2446","MATTHEWS","DN",13003797
"2447","GRANT","GH",13009631
"2448","HUFFSTADT","AJ",13013446
"2449","JAMES","J",13038178
"2450","MASON","ML",14952122
"2451","WALLER","JI",12991360
"2452","KIRK","JE",12983343
"2453","JAMES","J",12994350
"2454","RICHARDS","HJ",14935247
"2455","BISGAARD-FRANTZEN","H",14958968
"2456","RITCHEY","SJ",14931773
"2457","LORIN","J",12982105
"2458","JOLICOEUR","A",12982024
"2459","TANZER","RC",14929323
"2460","BAXTER","H",14911373
"2461","BEIGLBOCK","W",14919492
"2462","VENTURA","VE",14953727
"2463","FRANCHINI","C",14949502
"2464","HAMLIN","E",14895150
"2465","WILFERT","F",13039543
"2466","STEINBERG","CL",14868250
"2467","ISELIN","M",14891690
"2468","KRAMER","W",14899542
"2469","MORGANO","G",14942279
"2470","SHAW","MH",14886577
"2471","REIFFERSCHEID","M",14890507
"2472","GOLDING","JS",14864205
"2473","ROSS","JA",14847489
"2474","GOSSET","J",14866351
"2475","RABBONI","F",14883741
"2476","PADOVANI","P",14866314
"2477","HERZOG","EG",14842066
"2478","DESPLAS","B",14852579
"2479","HANFSTAENGL","E",14842536
"2480","GOSSET","J",14842758
"2481","ISELIN","M",14842739
"2482","CHEVALIER","CH",14842738
"2483","LAANE","CL",14827187
"2484","SODERBERG","L",14894191
"2485","BUTTURINI","U",14815518
"2486","BAXTER","H",14792428
"2487","BUFF","HU",14784276
"2488","DEROT","M",14792297
"2489","BOLGERT","M",14781837
"2490","FLANDIN","C",15426950
"2491","EXNER","G",15438971
"2492","WENZL","M",15431599
"2493","RUMMELHARDT","S",15431622
"2494","PAILLOT","J",15441814
"2495","GRAY","GA",15404478
